wave (um),depth,Rp/R*
2.3542519081773943,0.023418525067939622,0.15303112450720482
2.356377897622567,0.023422924659229707,0.15304549865719574
2.3585039145518794,0.024051503042113766,0.15508547011926607
2.360629960460335,0.02330275698173539,0.15265240575154848
2.362756036840243,0.022936216356638915,0.15144707444067354
2.364882145181231,0.023539639448779074,0.15342633231873554
2.367008286970267,0.023172264747933234,0.15222438946480696
2.3691344636916725,0.023094715654865577,0.1519694563222017
2.371260676827142,0.022945017539582276,0.15147612861300053
2.3733869278557576,0.023339402027418448,0.15277238633803705
2.375513218254008,0.022995985727242835,0.1516442736381524
2.377639549495804,0.022911155447675583,0.15136431365310513
2.379765923052493,0.023338530557144715,0.1527695341262279
2.3818923403928807,0.023445774623696274,0.15312013134691427
2.384018802983241,0.023500122833973458,0.15329749780728144
2.3861453122873373,0.023495357264721455,0.1532819534867737
2.3882718697664362,0.02355836067289472,0.15348733065922646
2.3903984768793234,0.02355156803090435,0.15346520136794645
2.392525135082321,0.023225070779251202,0.15239773876029528
2.3946518458293022,0.02352121541622345,0.15336627861503144
2.3967786105717086,0.023047864828372306,0.15181523253077178
2.398905430758564,0.023318751281122353,0.1527047847355228
2.4010323078364912,0.0230161164125875,0.1517106338151268
2.4031592432497275,0.023298955333079557,0.15263995326610774
2.4052862384401394,0.023322935701202013,0.15271848513261913
2.407413294847239,0.022937972653981367,0.15145287271617322
2.409540413908198,0.023226729939671596,0.1524031821835476
2.411667597057865,0.02307090258390591,0.1518910879015155
2.4137948457287783,0.024135546194941956,0.15535619136340192
2.415922161351182,0.023871375336329874,0.15450364182222331
2.418049545353041,0.02333856283401516,0.15276963976528568
2.4201769991600552,0.023225199664982876,0.15239816161943318
2.4223045241956758,0.023355494923327374,0.1528250467800595
2.424432121881119,0.022879293995308584,0.15125902946703243
2.4265597936353798,0.02344411973659453,0.15311472736675114
2.4286875408752477,0.02343116664210219,0.15307242286611325
2.4308153650153215,0.02306390073402365,0.15186803723635744
2.4329432674680227,0.02309022576579455,0.1519546832637762
2.4350712496436104,0.02296421594220343,0.1515394864126292
2.4371993129501957,0.02339831135776694,0.15296506580839606
2.439327458793754,0.022936192260799522,0.15144699488863925
2.4414556885781424,0.023497259227739167,0.15328815749345795
2.443584003705112,0.022875206417162577,0.1512455170150923
2.445712405574321,0.023059778658990115,0.15185446539035366
2.44784089558335,0.02369984273980265,0.1539475324251826
2.449969475127714,0.02310553468932813,0.1520050482363271
2.4520981456008792,0.022907751546237955,0.15135306916689187
2.454226908394274,0.02343581361018137,0.15308760109878713
2.456355764897303,0.023211197836803567,0.15235221638297083
2.458484716497362,0.023377191995052175,0.15289601693651858
2.4606137645798496,0.023135468439424857,0.15210347937974614
2.4627429105281813,0.023279169633739105,0.1525751278345822
2.4648721557238034,0.023061053452961326,0.15185866275244664
2.4670015015462057,0.02307029388773409,0.1518890841625365
2.4691309493729343,0.023231115584948222,0.1524175698039705
2.471260500579606,0.02388901163381549,0.15456070533552663
2.473390156539919,0.022961457639857973,0.15153038520329173
2.475519918625669,0.023317828418420342,0.15270176298399551
2.47764978820676,0.022800854637629733,0.15099951866688097
2.479779766651217,0.023518652014105728,0.15335792126299094
2.4819098553252,0.022970651852540543,0.1515607200185475
2.4840400555930158,0.02342808262126115,0.15306234880355504
2.4861703688171315,0.022868958441587848,0.15122486052758602
2.488300796358186,0.023121801913578956,0.15205854765049862
2.490431339575003,0.022991740312139807,0.15163027505132282
2.4925619998246042,0.02324683532160476,0.1524691290773472
2.494692778462221,0.02282080904089469,0.15106557861039918
2.496823676841306,0.022882759920391408,0.15127048595278395
2.498954696313547,0.022931408856220487,0.151431201726132
2.5010858382288785,0.022957510689064722,0.1515173610153791
2.5032171039354933,0.023072030748289136,0.15189480158415275
2.505348494779856,0.02286485229899997,0.15121128363650632
2.5074800121067127,0.023083502341537273,0.15193255853021523
2.509611657259105,0.02329410478893208,0.15262406359723252
2.5117434315783815,0.022826988959953484,0.1510860316506906
2.5138753364042095,0.023135636203287704,0.1521040308581193
2.516007373074587,0.023004250617658505,0.15167152210503626
2.5181395429258533,0.02274181279102716,0.15080388851427923
2.5202718472927024,0.02284029414560229,0.15113005705551194
2.522404287508194,0.023041818236722803,0.15179531691301548
2.524536864903764,0.022745341263379678,0.15081558693775546
2.5266695808092376,0.023107221430123174,0.15201059644025863
2.5288024365528403,0.022807086812990138,0.15102015366496666
2.530935433461209,0.022685575232633776,0.1506173138541309
2.5330685728594036,0.022784994745172295,0.15094699316373378
2.5352018560709175,0.022828318981333324,0.1510904331231244
2.5373352844176904,0.022976678099232137,0.15158059934975893
2.5394688592201184,0.02268297550522571,0.1506086833659524
2.541602581797065,0.02270260974485809,0.15067385222678184
2.543736453465873,0.022716190710118565,0.1507189129144666
2.5458704755423756,0.022978005489141126,0.15158497778190663
2.548004649340906,0.02282541367411769,0.15108081835268727
2.5501389761743094,0.022655010260832664,0.15051581398920402
2.5522734573539543,0.022710183837050132,0.15069898419382305
2.5544080941897427,0.022720839654554955,0.15073433469039146
2.55654288799012,0.022662482329230082,0.1505406334822266
2.5586778400620878,0.022739058367529312,0.15079475576932147
2.5608129517112133,0.023008356614931554,0.15168505732250476
2.56294822424164,0.022736501606768513,0.15078627791270832
2.565083658956098,0.022743286363315875,0.15080877415891913
2.567219257155916,0.022802779045015962,0.15100589076263204
2.569355020141029,0.02263877346450661,0.15046186714415918
2.571490949209992,0.022708688014746257,0.15069402116456465
2.573627045659988,0.022690836477719436,0.15063477844680967
2.57576331078684,0.022640778091027967,0.15046852857334642
2.57789974588502,0.022817302227355066,0.15105397123993486
2.5800363522476593,0.022888996132644588,0.1512910973343924
2.5821731311665608,0.022826709234989584,0.1510851059336743
2.5843100839322055,0.022613061873684347,0.15037640065410646
2.586447211833766,0.02278405489228314,0.1509438799431204
2.5885845161591146,0.02261566637068672,0.15038506033076132
2.5907219981948346,0.022662297001072057,0.15054001793899208
2.592859659226229,0.0226034524047348,0.15034444587258552
2.5949975005373314,0.02290008142576652,0.15132772854228177
2.5971355234109152,0.022674184463488317,0.15057949549486582
2.5992737291285044,0.022795988278025765,0.15098340398211244
2.6014121189703823,0.022619882636339253,0.15039907791053525
2.6035506942156017,0.022614449400483457,0.1503810140958075
2.6056894561419948,0.02275908898362742,0.15086115796860178
2.607828406026183,0.022712266205907116,0.15070589306960466
2.6099675451435864,0.022582638449606854,0.1502752090319852
2.612106874768433,0.022585157025304566,0.15028358867589156
2.6142463961737685,0.022796823360241827,0.15098616943363333
2.616386110631466,0.022575219542182588,0.1502505226020282
2.6185260194122346,0.02259518831252649,0.1503169594973451
2.6206661237856315,0.02259710100788391,0.15032332157015393
2.6228064250200673,0.022606514401954363,0.1503546288012257
2.6249469243828187,0.022651773791950058,0.15050506234658706
2.6270876231400355,0.022577009282082516,0.15025647833648476
2.6292285225567524,0.02264590077006861,0.15048555003743253
2.6313696238968958,0.022568017397171472,0.15022655356883974
2.633510928423294,0.022562627895048464,0.15020861458334694
2.635652437397687,0.022601031137882508,0.1503363932581945
2.637794152080734,0.02256946015270257,0.15023135542456698
2.639936073732024,0.022553517539586756,0.15017828584581314
2.642078203610084,0.02257079032030457,0.1502357824231783
2.644220542972388,0.02254519770849117,0.15015058344372548
2.646363093075367,0.022581000403084497,0.1502697587776213
2.6485058551744167,0.02254304930420741,0.15014342910766162
2.6506488305239064,0.02255672181159346,0.1501889536936504
2.652792020377188,0.02257841769655725,0.15026116496472816
2.654935425986607,0.022529767572736926,0.15009919244531905
2.657079048603506,0.022532819935094383,0.15010935991834215
2.65922288947824,0.022523876125145625,0.15007956598133412
2.66136694986018,0.02252622246953272,0.15008738277927536
2.6635112309977242,0.02251812217755715,0.1500603950999635
2.665655734138306,0.022534056816094866,0.15011347979477016
2.667800460528402,0.022512757128180554,0.15004251773474261
2.6699454114135417,0.02251856704993782,0.1500618774037491
2.6720905880383152,0.022510022966391003,0.15003340616806313
2.6742359916463823,0.022526746578728923,0.1500891287826301
2.67638162348048,0.022504640234215573,0.15001546664999438
2.678527484782432,0.022500668221933876,0.1500022273899087
2.680673576793156,0.022498495095463533,0.14999498356766314
2.682819900752674,0.022495968560038965,0.14998656126479787
2.6849664579001176,0.022495576966109997,0.14998525582906475
2.6871132494737386,0.022491221441468815,0.14997073528348395
2.689260276710918,0.022490939128642983,0.14996979405414607
2.6914075408481715,0.022493583815344415,0.1499786111928778
2.693555043121158,0.022498231913614636,0.14999410626292833
2.6957027847646917,0.022481823015619014,0.1499393978099786
2.697850767012745,0.022479441992089563,0.1499314576467846
2.69999899109846,0.022477405084058846,0.14992466469550247
2.7021474582541556,0.02247468077832998,0.14991557883799128
2.704296169711335,0.022472631419553326,0.14990874363943327
2.706445126700694,0.022470237525698305,0.14990075892302315
2.7085943304521294,0.022467907657176395,0.1498929873515649
2.710743782194748,0.02246542525011909,0.14988470652511246
2.7128934831568703,0.022463276399421413,0.14987753800827333
2.7150434345660446,0.022460941923835406,0.1498697498624569
2.717193637649049,0.022459460756664634,0.14986480826619916
2.719344093631902,0.02245684147462162,0.14985606919515013
2.721494803739872,0.022454399107518536,0.14984791993057006
2.723645769197481,0.022452144243300786,0.14984039589943957
2.725796991228515,0.022449901753366756,0.1498329127840968
2.727948471056033,0.02244834233367799,0.14982770883143742
2.7301002099023695,0.02244780477678214,0.14982591490387148
2.7322522089891477,0.022443117075040337,0.14981027025888558
2.7344044695372847,0.022440933963063497,0.14980298382563512
2.736556992766999,0.022438655088416592,0.14979537739335147
2.7387097798978184,0.022436518659801064,0.1497882460669096
2.7408628321485864,0.02243554515493579,0.1497849964279994
2.743016150737473,0.02243385843782963,0.14977936586135498
2.7451697368819787,0.02243116222815585,0.1497703649863879
2.747323591798943,0.022428449443797596,0.1497613082334606
2.7494777167045528,0.02242589226282217,0.14975277046793548
2.751632112814348,0.022423653173956126,0.14974529432992587
2.753786781343231,0.0224216646115666,0.1497386543667553
2.7559417235054724,0.022419946166703106,0.1497329161096621
2.7580969405147187,0.022417743890650196,0.14972556191462497
2.7602524335840006,0.02241556527715381,0.14971828638197074
2.762408203925739,0.022412966188982756,0.149709606201415
2.764564252751752,0.022410841783705684,0.14970251094656256
2.7667205812732636,0.022408824814020248,0.14969577420228083
2.7688771907009104,0.022406699282519187,0.14968867452990287
2.7710340822447477,0.0224048457315144,0.14968248304833268
2.773191257114257,0.02240247332928344,0.14967455805608193
2.775348716518355,0.022400479980980895,0.149667898966281
2.777506461665398,0.022398291966789458,0.14966058922371467
2.779664493763191,0.022396268471716444,0.149653828790701
2.781822814018993,0.02239438423149598,0.14964753332913971
2.7839814236395255,0.02239205830341777,0.14963976177279142
2.786140323830978,0.02238994752484336,0.14963270873991208
2.788299515799017,0.02238787780752608,0.14962579258779576
2.790459000748792,0.022385794791313435,0.1496188316734008
2.792618779884941,0.022383684660773628,0.1496117798195504
2.7947788544115997,0.022381967425487245,0.1496060407386254
2.796939225532406,0.02237955445074778,0.1495979760917499
2.79909989445051,0.022377546624613946,0.14959126520159508
2.8012608623685775,0.02237548505170341,0.1495843743567603
2.8034221304887987,0.022373472234513306,0.14957764617252575
2.8055837000128943,0.022371333222457004,0.14957049582874626
2.8077455721421236,0.022369341921244002,0.14956383894927278
2.8099077480772894,0.02236723690555522,0.1495568016024521
2.8120702290187447,0.022365273519926853,0.1495502374452373
2.8142330161664013,0.022363257909128666,0.1495434983846796
2.8163961107197344,0.02236120724022456,0.14953664179800402
2.8185595138777915,0.02235913683396342,0.14952971889883102
2.8207232268391955,0.02235706444799676,0.14952278905904864
2.8228872508021565,0.022355096876554906,0.14951620941073548
2.825051586964472,0.022353063556314796,0.1495094095912187
2.82721623652354,0.022350982706987942,0.14950245050495975
2.8293812006763592,0.02234903950979186,0.14949595148294773
2.8315464806195414,0.022346963305410337,0.14948900730625758
2.8337120775493143,0.022345015827276424,0.14948249338058428
2.835877992661529,0.02234294068726917,0.14947555213903432
2.8380442271516655,0.02234087359415327,0.1494686374934664
2.840210782214841,0.022338860316654486,0.14946190255932942
2.842377659045815,0.02233693355441715,0.14945545675691185
2.8445448588389963,0.02233481920346386,0.14944838307410307
2.84671238278845,0.02233300505974845,0.14944231348499812
2.8488802320879003,0.022330931022267828,0.14943537406607524
2.851048407930742,0.02232890565896375,0.1494285971926517
2.853216911510043,0.02232692183875019,0.14942195902460317
2.8553857440185535,0.02232487535830403,0.14941511087672502
2.857554906648709,0.02232294941332542,0.14940866579059403
2.859724400592638,0.022320952453195726,0.14940198276192898
2.8618942270421703,0.022318981318204548,0.1493953858665138
2.864064387188839,0.022316971149911952,0.14938865803638493
2.866234882223892,0.02231496960582118,0.14938195876952873
2.8684057133382925,0.022313032547404625,0.14937547505331866
2.8705768817227297,0.022311142087713228,0.14936914704085724
2.872748388567622,0.0223091182833335,0.1493623723811774
2.8749202350631253,0.022307320116260108,0.1493563527817284
2.877092422399137,0.022305337144673667,0.14934971424369606
2.879264951765305,0.022303358894990355,0.14934309121948144
2.8814378243510292,0.022301516265280895,0.14933692197605017
2.8836110413454725,0.022299539042123173,0.14933030182157664
2.8857846039375636,0.022297603420154508,0.14932382067223737
2.8879585133160046,0.022295749329263356,0.14931761225409196
2.890132770669276,0.022293925746266315,0.14931150573973298
2.892307377185643,0.022292060009990015,0.14930525781093584
2.894482334053162,0.022290087320728402,0.14929865143640247
2.8966576424596857,0.022288337205760234,0.14929279020019764
2.8988333035928697,0.022286449267652265,0.14928646712831095
2.901009318640178,0.022284636980909617,0.14928039717561586
2.9031856887888887,0.022282699138717225,0.14927390642278116
2.905362415226101,0.02228091605746252,0.14926793378841458
2.9075394991387395,0.022279173448760854,0.1492620964905721
2.9097169417135613,0.022277297426993064,0.14925581203756544
2.9118947441371605,0.02227547983670339,0.14924972307077622
2.914072907595976,0.022273723941071456,0.14924384054650783
2.9162514332762957,0.022271922993321234,0.1492378068497431
2.918430322364262,0.02227013083321826,0.14923180235197275
2.920609576045879,0.0222683432839142,0.14922581306166235
2.9227891955070167,0.022266644131541165,0.14922011972767335
2.924969181933419,0.02226487155865064,0.14921418015272758
2.927149536510706,0.022263166990974654,0.14920846822809572
2.929330260424383,0.022261504817045422,0.14920289815229937
2.9315113548598446,0.022259726398691452,0.1491969383020022
2.93369282100238,0.022257972553998643,0.14919106056999074
2.9358746600371797,0.022256306640393558,0.14918547731060675
2.938056873149341,0.022254630530178097,0.149179859666706
2.940239461523871,0.022253032881077488,0.14917450479581787
2.9424224263456984,0.022251278781274808,0.1491686253247472
2.944605768799672,0.022249706314213708,0.14916335446152218
2.94678949007057,0.022247980037088704,0.14915756781701928
2.948973591343105,0.02224635876884618,0.14915213296780633
2.951158073801931,0.02224466516379178,0.14914645541812846
2.953342938631646,0.022243088805826892,0.14914117072702257
2.9555281870167986,0.0222415017045355,0.14913584983006434
2.957713820141895,0.022239835467612264,0.14913026341964353
2.959899839191402,0.02223836246118085,0.14912532468088996
2.962086245349756,0.022236774706868846,0.14912000102893255
2.9642730398013626,0.022235318575719455,0.14911511853504142
2.96646022373061,0.022233629269756503,0.14910945399187975
2.968647798321867,0.022232168635522215,0.1491045560521952
2.970835764759493,0.022230550013128323,0.14909912814342116
2.973024124227841,0.022229061374759808,0.14909413595027743
2.975212877911265,0.02222758015182152,0.14908916845908532
2.977402026994123,0.02222601235299841,0.14908391044307368
2.9795915726607847,0.022224437622967122,0.14907862899479296
2.9817815160956354,0.02222298460305655,0.14907375558111008
2.9839718584830814,0.022221459558670584,0.14906864042671947
2.9861626010075564,0.022220006045204497,0.14906376503095747
2.988353744853525,0.022218551539592606,0.14905888614769872
2.99054529120549,0.022217084087111233,0.14905396367460758
2.992737241247996,0.022215603570485666,0.14904899721395534
2.994929596165635,0.022214125002278647,0.14904403712419578
2.9971223571430534,0.022212731248965722,0.1490393614082056
2.999315525364955,0.02221147377009273,0.1490351427351708
3.001509102016106,0.022210109676012703,0.14903056624737324
3.003703088281344,0.022208664990693027,0.14902571922555188
3.0058974853455775,0.022207291314621028,0.14902111029857826
3.008092294393796,0.022205973203762705,0.14901668766873966
3.0102875166110725,0.022204586253896066,0.14901203392308981
3.0124831531825693,0.02220314085824412,0.14900718391488418
3.014679205293543,0.022201924151509844,0.14900310114729104
3.0168756741293516,0.022200476062629038,0.14899824181052956
3.019072560875456,0.0221992633179304,0.14899417209384533
3.021269866717427,0.022197872499125984,0.14898950466098604
3.0234675928409516,0.022196524274478716,0.14898498002979602
3.025665740431836,0.022195348255658973,0.14898103320778444
3.027864310676012,0.022193925039362874,0.14897625662958133
3.0300633047595418,0.022192656830620126,0.14897200015647277
3.032262723868622,0.02219144289582995,0.14896792572842635
3.034462569189591,0.02219018084101799,0.14896368967308105
3.0366628419089308,0.022188920363055673,0.1489594587901543
3.0388635432132745,0.0221877146594046,0.14895541164860243
3.041064674289411,0.022186413887818602,0.14895104527266198
3.0432662363242895,0.02218520018394543,0.14894697104656218
3.0454682305050245,0.022183910268773657,0.14894264086813305
3.0476706580189,0.02218296778288565,0.1489394769122198
3.0498735200533758,0.022181761877277717,0.14893542854968295
3.0520768177960926,0.022180395537567735,0.14893084145860364
3.054280552434875,0.02217927409108952,0.14892707642027195
3.0564847251577385,0.022178166794372466,0.1489233587936173
3.0586893371528943,0.022176874459834205,0.1489190198055111
3.0608943896087517,0.022175922588037068,0.14891582383359087
3.063099883713926,0.022174687015428535,0.14891167521530518
3.0653058206572417,0.022173627232954008,0.14890811674638157
3.0675122016277383,0.02217235991367478,0.14890386131217276
3.0697190278146747,0.02217128880586205,0.14890026462656825
3.071926300407533,0.022170283202159004,0.1488968878189165
3.074134020596026,0.02216908315476375,0.14889285797097102
3.0763421895700995,0.022167953258155976,0.14888906359486576
3.0785508085199376,0.02216696955285458,0.14888576007414067
3.0807598786359693,0.02216589833078368,0.14888216256752748
3.082969401108871,0.02216484289810161,0.14887861800171848
3.085179377129572,0.022163762116427718,0.14887498821638145
3.0873898078892603,0.022162729289471314,0.14887151940338123
3.089600694579386,0.02216174437780257,0.14886821144153836
3.091812038391667,0.022160625504367423,0.14886445346142047
3.0940238405180933,0.022159641106770597,0.14886114706924233
3.096236102150931,0.022158714838077513,0.14885803585321658
3.098448824482729,0.022157761593299245,0.1488548339601346
3.1006620087063226,0.022156695438345277,0.1488512527268255
3.1028756560148367,0.022155701204372182,0.1488479129997199
3.1050897676016933,0.022154693096700033,0.1488445265930193
3.107304344660615,0.022153893837370608,0.14884184168899084
3.1095193883856282,0.022152826920896377,0.14883825758485744
3.1117348999710703,0.02215188603420156,0.14883509678231663
3.1139508806115925,0.022151033686150696,0.14883223335739706
3.116167331502166,0.022149986115274658,0.1488287140147178
3.1183842538380846,0.022149068643481786,0.1488256316750639
3.1206016488149704,0.022148282142193974,0.14882298929330096
3.12281951762878,0.022147263352167927,0.148819566429176
3.125037861475806,0.02214636472212827,0.14881654720537052
3.1272566815526837,0.022145499927036124,0.1488136416026304
3.129475979056396,0.022144576546772023,0.14881053909845238
3.1316957551842757,0.022143664394473662,0.14880747425607915
3.133916011134013,0.022142857161997837,0.14880476189288377
3.1361367481036577,0.02214197860309687,0.148801809811228
3.138357967291625,0.02214105442541778,0.14879870438084392
3.1405796698966992,0.0221402209891329,0.14879590380495325
3.1428018571180396,0.022139419462120235,0.14879321040329843
3.145024530155184,0.022138579320405593,0.14879038719085852
3.1472476902080526,0.02213774067952763,0.14878756896840417
3.149471338476954,0.022136949098560198,0.1487849088401112
3.1516954761625895,0.022135996689274847,0.1487817081810625
3.1539201044660565,0.02213516201252353,0.14877890311641476
3.156145224588853,0.02213436801132638,0.14877623469938464
3.1583708377328836,0.022133533442926127,0.14877342989568443
3.1605969451004623,0.02213278097999434,0.14877090098535514
3.1628235478943187,0.02213189494632745,0.14876792310954484
3.165050647317601,0.022131043877509117,0.14876506269117462
3.1672782445738807,0.0221302815811893,0.14876250058798185
3.169506340867157,0.02212947384867823,0.14875978572409357
3.1717349374018617,0.022128652116303944,0.14875702375452377
3.1739640353828644,0.022127892097167815,0.14875446916703988
3.1761936360154737,0.022127030270046928,0.14875157232798222
3.1784237405054463,0.02212627090957793,0.14874901986089833
3.180654350058987,0.022125505813430587,0.14874644806996432
3.1828854658827552,0.022124638155455505,0.1487435314743317
3.18511708918387,0.022123876027537324,0.14874096956634822
3.1873492211699137,0.022123109228841302,0.1487383919129197
3.1895818630489337,0.022122239288913187,0.14873546748813204
3.191815016029452,0.022121463762956015,0.14873286040063916
3.194048681320466,0.022120698302394878,0.14873028710519884
3.1962828601314524,0.02211983253094602,0.14872737653487342
3.1985175536723736,0.022119034876473525,0.14872469491134793
3.200752763153682,0.02211826298719552,0.14872209986143795
3.202988489786322,0.0221174936122311,0.14871951321945315
3.205224734781737,0.022116713629756805,0.1487168908690496
3.2074614993518713,0.02211585206044147,0.14871399416477749
3.2096987847091767,0.0221150372100542,0.14871125448349296
3.2119365920666145,0.022114259842357972,0.14870864077906829
3.214174922637662,0.02211343551494314,0.14870586913415065
3.2164137776363146,0.02211256696976285,0.14870294875947435
3.218653158277092,0.022111787313893124,0.1487003272151515
3.2208930657750416,0.022111038667169257,0.14869780989365397
3.2231335013457416,0.0221102513532938,0.14869516250804463
3.2253744662053085,0.02210944168852224,0.14869243991717346
3.2276159615703968,0.022108548218065727,0.14868943546219324
3.2298579886582077,0.022107757809926173,0.14868677752216627
3.232100548686489,0.02210700176058758,0.14868423507752118
3.2343436428735437,0.02210620328722936,0.14868154992207122
3.236587272438231,0.02210541164147883,0.14867888767904752
3.238831438599972,0.022104613634429116,0.14867620399522283
3.241076142578753,0.022103814746383524,0.1486735173001013
3.243321385595129,0.02210305185812662,0.14867095162850952
3.245567168870232,0.02210225413293779,0.14866826874937972
3.2478134936257685,0.02210144664558722,0.1486655529892087
3.2500603610840306,0.022100644501293835,0.1486628551498115
3.252307772467895,0.0220998327128922,0.1486601248246893
3.2545557290008285,0.02209906262371413,0.14865753470212714
3.256804231906894,0.02209825210597324,0.14865480855314853
3.2590532824107528,0.02209744028492697,0.14865207797043056
3.2613028817376684,0.022096665604686427,0.1486494722650788
3.2635530311135126,0.02209584639981417,0.14864671674750898
3.265803731764768,0.02209503379263139,0.14864398337178464
3.268054984918531,0.02209425494252231,0.14864136349792514
3.2703067918025193,0.02209343213433635,0.14863859570897578
3.2725591536450738,0.022092615587606994,0.14863584893156495
3.274812071675162,0.02209183221432545,0.1486332136984377
3.2770655471223833,0.02209100815104188,0.1486304415355141
3.2793195812169733,0.02209018278414738,0.14862766493539276
3.2815741751898075,0.02208939483848273,0.14862501417487814
3.2838293302724035,0.02208868548612419,0.1486226277729074
3.286085047696929,0.022087864033974912,0.14861986419713522
3.2883413286962013,0.022087071847961597,0.14861719903147683
3.290598174503696,0.02208627815903197,0.14861452876159845
3.2928555863535465,0.02208543858191964,0.14861170405428922
3.295113565480552,0.022084606776968947,0.14860890544300817
3.2973721131201774,0.022083808368939428,0.14860621914623703
3.2996312305085613,0.022083069995922824,0.14860373479802863
3.301890918882518,0.022082259453146826,0.14860100757783182
3.3041511794795415,0.02208145635294898,0.14859830535019225
3.3064120135378094,0.02208067025842486,0.1485956602947235
3.308673422296188,0.022079940744503288,0.148593205579876
3.310935406994234,0.022079091483811535,0.14859034788239622
3.3131979688722017,0.022078412252469756,0.14858806228115956
3.315461109171044,0.022077605816238143,0.14858534859210765
3.3177248291324184,0.022076748655290735,0.14858246415809215
3.3199891299986897,0.022075966871892033,0.1485798333283896
3.322254013012934,0.022075219910627067,0.14857731963737625
3.3245194794189428,0.022074538706317433,0.14857502719608512
3.326785530461228,0.02207367551620913,0.14857212227133706
3.329052167385024,0.02207291492309517,0.14856956257287415
3.3313193914362937,0.02207213904499547,0.14856695138891243
3.3335872038617302,0.022071450266609734,0.14856463329679018
3.3358556059087614,0.02207072576967367,0.1485621949544152
3.338124598825555,0.02207003307726673,0.14855986361486312
3.3403941838610214,0.022069282228655295,0.14855733650229225
3.342664362264818,0.022068489547003536,0.14855466854664492
3.344935135287352,0.022067901420924303,0.14855268903969496
3.3472065041797863,0.022067106324913578,0.1485500128741616
3.3494784701940414,0.022066402975727095,0.1485476454735217
3.3517510345828003,0.022065664305821426,0.14854515914637348
3.354024198599512,0.022065058008719805,0.14854311834857853
3.356297963498395,0.02206425602146457,0.14854041881408767
3.3585723305344426,0.022063683913033587,0.148538493034747
3.360847300963425,0.022062981041802664,0.14853612705938804
3.363122876041894,0.022062283196019182,0.14853377796319323
3.3653990570271857,0.022061665185546895,0.14853169757848625
3.367675845177427,0.022060828630014816,0.14852888146759477
3.3699532417515368,0.022060258600423394,0.14852696253685185
3.3722312480092294,0.022059695188073554,0.14852506585783273
3.374509865211022,0.02205897469138854,0.14852264033267298
3.376789094618234,0.022058280852547536,0.1485203045127081
3.379068937492994,0.022057714957207313,0.14851839938946054
3.381349395098242,0.022057148403458803,0.14851649202515793
3.3836304686977323,0.022056552805385567,0.1485144868535914
3.3859121595560406,0.022055956488400297,0.14851247923457575
3.388194468938565,0.02205538788060759,0.14851056487875733
3.390477398111529,0.02205466088584882,0.14850811723892005
3.392760948341988,0.022053959073899173,0.14850575434608307
3.3950451208978314,0.022053387922275725,0.14850383133870898
3.397329917047787,0.022052816095933438,0.14850190603468172
3.3996153380614245,0.022052243592763844,0.14849997842681273
3.401901385209157,0.022051681376299738,0.14849808542974463
3.404188059762249,0.022051360584082406,0.1484970053034148
3.406475362992817,0.02205078611362983,0.1484950710078615
3.4087632961738343,0.022050182646874604,0.14849303905191855
3.411051860579134,0.02204960720778173,0.14849110144308894
3.4133410574834135,0.022049031080489015,0.14848916149163552
3.4156308881622377,0.022048576859548343,0.1484876320086907
3.4179213538920425,0.022048172113804554,0.14848626910864368
3.42021245595014,0.02204759446372793,0.14848432396629596
3.4225041956147195,0.02204701787744006,0.14848238238067188
3.4247965741648527,0.022046679986917055,0.14848124456279674
3.427089592880498,0.02204615463683926,0.14847947547334367
3.429383253042502,0.02204557475343557,0.1484775227212374
3.431677555932607,0.02204521456486159,0.1484763097765485
3.4339725028334493,0.022044711577992974,0.14847461593818984
3.4362680950285673,0.02204433283310995,0.14847334047939365
3.438564333802403,0.022043847546653984,0.148471706215878
3.440861220440306,0.02204330189325688,0.1484698686375686
3.4431587562285375,0.022042975827797844,0.14846877054720242
3.445456942454273,0.022042562422526384,0.14846737831094878
3.4477557804056067,0.022042140582312388,0.1484659576546502
3.4500552713715553,0.022041725640144227,0.14846456021604693
3.4523554166420607,0.022041316280826447,0.14846318156642893
3.454656217507994,0.022040907242047388,0.1484618039835411
3.456957675261159,0.02204053436153948,0.14846054816529367
3.459259791194296,0.022040147503123365,0.14845924525984688
3.461562566601086,0.02203978615139493,0.14845802824837373
3.463866002776151,0.0220394105744604,0.14845676331666538
3.466170101015063,0.022039058192646004,0.14845557649561705
3.468474862614342,0.022038698039970602,0.14845436349252453
3.470780288871463,0.022038365546633496,0.1484532436379667
3.473086381084859,0.02203803844840436,0.14845214194616513
3.475393140553924,0.022037703485193644,0.14845101375603215
3.477700568579016,0.022037379770931363,0.14844992344535365
3.480008666461461,0.02203705580660335,0.1484488322844048
3.482317435503557,0.022036746367236636,0.14844779003823746
3.4846268770085764,0.02203645448918077,0.14844680693494477
3.4869369922807723,0.022036156427459246,0.14844580299711826
3.4892477826253763,0.02203587102076641,0.148444841677865
3.4915592493486085,0.022035589460518597,0.14844389330827523
3.4938713937576766,0.022035336529274488,0.14844304136359673
3.496184217160781,0.022035084958610916,0.14844219399689199
3.4984977208671175,0.022034835758121478,0.14844135460888747
3.5008119061868825,0.022034599367646325,0.14844055836477552
3.503126774431273,0.022034349491070422,0.14843971669021205
3.5054423269124944,0.022034095624477425,0.1484388615709425
3.50775856494376,0.022033869440996508,0.14843809969477684
3.5100754898392976,0.02203365360144535,0.1484373726574455
3.5123931029143503,0.022033440404200997,0.148436654517006
3.514711405485181,0.022033233223558168,0.14843595663975143
3.5170303988690765,0.022033034518721607,0.14843528730972838
3.5193500843843495,0.022032889995813945,0.14843480048766847
3.5216704633503437,0.022032695154397593,0.14843414416635275
3.523991537087435,0.02203251514205575,0.14843353779404353
3.5263133069170367,0.022032363100457142,0.14843302563936753
3.5286357741616023,0.022032190627075305,0.1484324446577476
3.530958940144629,0.022032019350997332,0.14843186770703026
3.533282806190659,0.02203189215630289,0.14843143924486785
3.5356073736252873,0.02203175093168864,0.14843096352071775
3.5379326437751604,0.022031613840581686,0.14843050171909306
3.5402586179679827,0.02203148895786513,0.14843008104109195
3.542585297532518,0.022031366830923122,0.1484296696449976
3.5449126837985943,0.022031264646769345,0.14842932542718554
3.547240778097106,0.022031152283596273,0.1484289469193805
3.5495695817600166,0.02203106748686503,0.1484286612715517
3.5518990961203647,0.022030993130024514,0.14842841079127847
3.5542293225122648,0.022030908763170112,0.14842812659051555
3.556560262270911,0.02203083093881797,0.14842786442854308
3.5588919167325805,0.022030745621709126,0.148427577025663
3.561224287234638,0.02203067307272915,0.14842733263361282
3.5635573751155367,0.022030611050592157,0.1484271237024829
3.565891181714823,0.022030579999972294,0.14842701910357256
3.56822570837314,0.022030510274048915,0.14842678422053385
3.5705609564322307,0.022030487199044567,0.14842670648857154
3.5728969272349396,0.022030460108541015,0.1484266152296852
3.5752336221252174,0.02203043856118401,0.1484265426437738
3.577571042448124,0.022030389971759747,0.14842637896196129
3.5799091895498325,0.022030388749526664,0.14842637484465712
3.5822480647776294,0.02203038746627899,0.1484263705218146
3.5845876694799226,0.02203038618645014,0.14842636621048882
3.5869280050062393,0.02203038491003099,0.14842636191064912
3.5892690727072343,0.022030393993342376,0.14842639250935924
3.5916108739346884,0.022030444004253347,0.14842656097967555
3.5939534100415145,0.02203045988352586,0.14842661447168382
3.5962966823817615,0.022030487415506186,0.14842670721775844
3.5986406923106133,0.022030525997848986,0.14842683718872737
3.600985441184397,0.022030571428040904,0.1484269902276567
3.603330930360582,0.022030634689438007,0.14842720333361403
3.6056771611977867,0.022030676037694895,0.14842734262154966
3.6080241350557776,0.022030746347962902,0.14842757947215504
3.610371853295476,0.02203081652556718,0.14842781587548604
3.612720317278958,0.022030893447111125,0.14842807499631303
3.6150695283694616,0.022030982776809132,0.14842837591515018
3.617419487931385,0.022031093808078238,0.14842874993773356
3.6197701973302934,0.022031175088608274,0.14842902374066966
3.6221216579329205,0.022031281290781683,0.14842938149430415
3.6244738711071713,0.0220313947960823,0.14842976384836803
3.6268268382221267,0.02203152450676234,0.14843020079068256
3.6291805606480443,0.02203163463841757,0.14843057177824778
3.631535039756363,0.022031770550190306,0.14843102960698717
3.633890276919706,0.022031893593641456,0.14843144408662692
3.6362462735118823,0.02203203355776079,0.1484319155631995
3.6386030309078925,0.022032194854699396,0.14843245889864992
3.6409605504839293,0.02203234961069378,0.14843298019878798
3.6433188336173803,0.022032502768125725,0.14843349611231868
3.6456778816868347,0.02203265668162628,0.1484340145708735
3.648037696072081,0.022032797120286548,0.14843448763776748
3.650398278154113,0.02203299202565348,0.1484351441729804
3.6527596293151343,0.0220331652892339,0.14843572780578773
3.655121750938557,0.022033352035715357,0.14843635685274467
3.6574846444090072,0.022033548524280598,0.14843701871258597
3.659848311112329,0.02203374494601066,0.1484376803443474
3.662212752435585,0.022033945328910134,0.1484383553159699
3.664577969767061,0.022034132286022388,0.14843898506127826
3.6669439644962667,0.022034351076406514,0.1484397220302117
3.6693107380139414,0.0220345657361622,0.14844044508206716
3.6716782917120554,0.02203480384124313,0.1484412471021553
3.6740466269838126,0.022035028263368495,0.1484420030293599
3.676415745223654,0.02203523942631312,0.14844271429178704
3.6787856478272607,0.02203545335427064,0.14844343486416178
3.681156336191555,0.0220357169013139,0.1484443225634241
3.6835278117147072,0.022035943739772614,0.1484450866137799
3.685900075796133,0.02203619958202817,0.14844594835167504
3.6882731298365012,0.022036475159155636,0.14844687655574176
3.690646975237734,0.022036722013730595,0.14844770801103868
3.6930216134030096,0.022036982489372157,0.14844858533974703
3.695397045736766,0.022037225700138326,0.14844940451257568
3.697773273644705,0.02203750607374349,0.1484503488501913
3.70015029853379,0.022037794171662285,0.14845131919812057
3.7025281218122554,0.022038064745815343,0.1484522305181547
3.704906744889605,0.022038349642036624,0.1484531900702596
3.7072861691766157,0.022038649494931305,0.148454199990877
3.709666396085341,0.022038933473210894,0.1484551564386057
3.7120474270291117,0.022039217614183162,0.14845611342812112
3.7144292634225415,0.02203955394961655,0.1484572462011085
3.7168119066815284,0.022039846213149254,0.14845823053353846
3.7191953582232564,0.022040139657578162,0.14845921883661575
3.7215796194661985,0.022040458370444237,0.1484602922348068
3.723964691830121,0.02204075946156845,0.1484613062773208
3.7263505767360847,0.022041108035447076,0.14846248022799255
3.7287372756064485,0.022041414054767134,0.1484635108528932
3.73112478986487,0.02204174248086786,0.14846461693234472
3.7335131209363093,0.022042061783326135,0.14846569227712555
3.7359022702470344,0.0220423916332451,0.14846680313539826
3.738292239224619,0.022042731878842696,0.14846794899520468
3.740683029297948,0.022043050044146726,0.14846902048625069
3.743074641897219,0.02204343873955269,0.14847032949230188
3.745467078453946,0.022043698285643152,0.14847120355692936
3.7478603404009614,0.02204415682361652,0.14847274774724323
3.7502544291724176,0.02204451511168628,0.14847395432090532
3.752649346203791,0.022044864918797587,0.1484751323245667
3.7550450929318826,0.0220451702379817,0.14847616050390613
3.757441670794824,0.022045596480873033,0.14847759588864926
3.7598390812320757,0.022045979624010965,0.1484788861219364
3.762237325684432,0.0220462987123428,0.14847996064231295
3.764636405594024,0.02204677048583437,0.14848154931113283
3.76703632240432,0.022047015150501684,0.1484823731979715
3.76943707756013,0.022047423183966734,0.14848374720475885
3.771838672507606,0.02204772067874816,0.14848474897695105
3.7742411086942464,0.022048215427951375,0.1484864149609363
3.776644387568897,0.022048617501958807,0.1484877688631586
3.779048510581756,0.022048907309220905,0.14848874472235565
3.7814534791843717,0.022049399201975763,0.14849040104321815
3.7838592948296497,0.02204980096985619,0.14849175387830865
3.7862659589718515,0.022050086568827957,0.148492715541295
3.7886734730666003,0.022050575671777393,0.14849436242422603
3.7910818385708804,0.02205106367061254,0.14849600557123596
3.7934910569430405,0.022051335544374644,0.14849692099291031
3.7959011296427976,0.022051744871217645,0.14849829921994948
3.798312058131237,0.02205223011830977,0.14849993305826698
3.8007238438708146,0.02205271427625777,0.14850156321149544
3.8031364883253618,0.022053055676382917,0.14850271269031726
3.805549992960085,0.02205341476844173,0.14850392172748075
3.807964359241569,0.022053896137704643,0.14850554244776404
3.8103795886377805,0.02205437646974985,0.14850715965821262
3.812795682618066,0.02205485573158887,0.1485087732478754
3.81521264265316,0.022055333964018767,0.14851038335422465
3.817630470215182,0.02205581113428449,0.1485119898670962
3.820049166777643,0.0220561863210612,0.1485132530148781
3.822468733815443,0.022056475250936625,0.1485142257527427
3.8248891728048764,0.02205694977386509,0.14851582331140709
3.8273104852236353,0.02205742324876045,0.14851741732456988
3.829732672550807,0.022057895715535528,0.14851900792671466
3.8321557362668806,0.0220583671420726,0.14852059500982548
3.8345796778537466,0.022058837567973905,0.1485221787073362
3.8370044987947,0.02205928229007019,0.14852367585698312
3.8394302005744425,0.022059750725618932,0.14852525282125909
3.841856784679082,0.022060218171411516,0.14852682643688148
3.8442842525961396,0.022060684595881,0.14852839659769104
3.8467126058145467,0.0220611500378767,0.14852996343457672
3.84914184582465,0.022061614466050365,0.14853152684211646
3.8515719741182113,0.022062077918952965,0.14853308695019088
3.8540029921884127,0.0220625403654527,0.1485346436541075
3.856434901529856,0.022063001843805594,0.14853619708275015
3.8588677036385635,0.02206361441030675,0.14853825907929158
3.8613014000119836,0.022064202101587906,0.148540237314971
3.8637359921489907,0.022064660210726148,0.14854177934415
3.8661714815498853,0.022065117367225096,0.1485433181507169
3.8686078697163993,0.022065573540634036,0.1485448536322751
3.8710451581516967,0.022066028768283147,0.1485463859145794
3.8734833483603737,0.02206656486876095,0.14854819039207764
3.875922441848462,0.022067190040437567,0.14855029464944716
3.878362440123431,0.022067642043222854,0.14855181602128886
3.880803344694189,0.02206809308180125,0.14855333413222757
3.8832451570710855,0.022068576761744327,0.1485549620906159
3.8856878787659115,0.02206925636467116,0.14855724945175566
3.8881315112919026,0.022069715859772736,0.14855879596904634
3.89057605616374,0.022070139253040702,0.1485602209645661
3.893021514897554,0.022070685937006108,0.14856206089377633
3.895467889010923,0.02207130421021537,0.14856414173755175
3.897915180022877,0.022071759424059995,0.14856567377446245
3.9003633894538976,0.0220724300106829,0.14856793062664264
3.902812518825922,0.022072905190809435,0.1485695298195745
3.905262569662343,0.02207346310108303,0.1485714074143576
3.907713543488011,0.022074033877278874,0.14857332828364206
3.9101654418292346,0.02207448497721933,0.14857484638127455
3.9126182662137845,0.022075149652316727,0.14857708320032645
3.9150720181708927,0.0220756489677972,0.14857876351550783
3.9175266992312556,0.022076310142924344,0.14858098849760135
3.9199823109270344,0.022076732830974485,0.1485824109071275
3.9224388547918565,0.022077308675196528,0.14858434868853626
3.9248963323608193,0.022077866638386363,0.14858622627412799
3.927354745170488,0.022078475293054817,0.14858827441307346
3.9298140947589,0.02207899726133492,0.14859003082755895
3.9322743826655655,0.022079605743609582,0.14859207833397306
3.934735610431468,0.022080233353026668,0.14859419017251876
3.9371977795990647,0.02208078861421306,0.1485960585419851
3.9396608917122933,0.022081352461901693,0.1485979557796866
3.942124948316565,0.022081977120887764,0.1486000576072828
3.9445899509587736,0.022082569322368698,0.1486020501957113
3.9470559011872925,0.02208312003696745,0.14860390316868347
3.9495228005519767,0.02208373784809596,0.14860598187184781
3.9519906506041638,0.022084346448217853,0.1486080295549936
3.954459452896676,0.02208498696776507,0.14861018460309197
3.956929208983822,0.022085619974329965,0.14861231434282277
3.9593999204213963,0.022086192700148534,0.14861424124271716
3.961871588766681,0.02208681399903214,0.1486163315353738
3.964344215578448,0.02208744632090574,0.14861845888349717
3.966817802416958,0.022088077373423238,0.1486205819307112
3.9692923508439644,0.022088695742597333,0.14862266227798954
3.9717678624227113,0.02208926049073763,0.1486245622053691
3.974244338717938,0.02208988054349424,0.14862664816073273
3.9767217812958764,0.02209061723402856,0.1486291264659406
3.9792001917242557,0.022091196604369444,0.14863107550027835
3.9816795715722986,0.022091822707366295,0.14863318171715997
3.984159922410728,0.022092508633785948,0.14863548914638774
3.986641245811763,0.022093131589154075,0.1486375847124612
3.989123543349123,0.022093749785837915,0.14863966424154057
3.9916068165980265,0.02209438186823341,0.1486417904501739
3.994091067135195,0.022095053963296737,0.148644051220682
3.9965762965388487,0.022095692189640196,0.1486461980329137
3.999062506388712,0.02209637414280519,0.1486484918954955
4.001549698266013,0.022096995099789185,0.14865058055651578
4.004037873753484,0.022097780366171767,0.14865322184928173
4.00652703443536,0.022098366118468618,0.14865519203333807
4.009017181897384,0.022099070853084192,0.14865756238107833
4.011508317726806,0.02209965119321002,0.14865951430436605
4.014000443512379,0.022100406765266107,0.14866205556653017
4.016493560844367,0.022101149570964367,0.1486645538484691
4.018987671314541,0.022101723912696325,0.14866648550596845
4.021482776516182,0.022102422092259467,0.14866883362783023
4.023978878044078,0.022103199600201264,0.14867144850374353
4.0264759774945285,0.02210382814540326,0.14867356236198573
4.028974076465344,0.022104460905098273,0.14867569036361752
4.031473176555845,0.022105231862551884,0.14867828308987122
4.033973279366862,0.022105960003000507,0.1486807317812248
4.036474386500741,0.022106713515193933,0.14868326575372875
4.038976499561336,0.022107273512023073,0.14868514892894674
4.041479620154016,0.022107968690764465,0.14868748666503334
4.043983749885664,0.02210868863732746,0.14868990765121706
4.046488890364673,0.02210944627712134,0.1486924553470059
4.048995043200951,0.022110201625606396,0.148694995294416
4.05150221000592,0.022110915059933105,0.14869739426073714
4.054010392392518,0.022111665863203327,0.14869991884060774
4.056519591975194,0.022112414412365007,0.14870243579835876
4.059029810369911,0.022113121440185568,0.14870481310363012
4.061541049194151,0.02211382643080429,0.148707183521188
4.064053310066907,0.022114568369441926,0.14870967812970992
4.0665665946086875,0.02211530810175542,0.1487121652782832
4.069080904441515,0.022116006821680217,0.14871451449566117
4.071596241188931,0.02211674217669205,0.14871698684646636
4.074112606475985,0.022117475360538538,0.1487194518566369
4.076630001929249,0.022118167909697183,0.14872178021291024
4.0791484291768025,0.02211885849622585,0.14872410193450775
4.081667889848246,0.02211958531153025,0.14872654541651348
4.08418838557469,0.022120438623638404,0.1487294141171759
4.086709917988761,0.022121227465985507,0.1487320660314564
4.089232488724601,0.02212190957440479,0.14873435909165303
4.091756099417864,0.022122627487564377,0.14873677247931788
4.094280751705719,0.022123352391373002,0.14873920932751056
4.096806447226848,0.022124215809607536,0.1487421117559097
4.099333187621446,0.022124923988925058,0.14874449229778244
4.1018609745312204,0.022125633194391977,0.14874687625087116
4.104389809599393,0.02212647400746076,0.14874970254578918
4.106919694470696,0.022127236834206927,0.1487522666523335
4.109450630791372,0.022127908270580112,0.1487545235298077
4.111982620209178,0.022128794083642093,0.1487575009323634
4.114515664373378,0.02212953837423413,0.1487600026022927
4.117049764934748,0.02213038203462971,0.1487628382178483
4.119584923545574,0.02213107160931494,0.14876515589786118
4.122121141859648,0.02213181759539488,0.14876766313750742
4.124658421532275,0.022132676969401827,0.14877055141862527
4.127196764220262,0.022133377605046616,0.1487729061524531
4.129736171581926,0.022134198843450498,0.14877566616705334
4.132276645277088,0.02213488649456791,0.1487779771826728
4.134818186967077,0.022135753295316113,0.14878089022221944
4.137360798314723,0.022136617312198223,0.14878379384932428
4.139904480984362,0.022137402478272825,0.1487864324401685
4.1424492366418315,0.0221381542318943,0.14878895870290343
4.14499506695447,0.02213893175701783,0.14879157152546588
4.147541973591119,0.02213975495854468,0.14879433779060505
4.150089958222115,0.022140562561451756,0.14879705158857065
4.152639022519299,0.022141227153640246,0.14879928478873897
4.155189168156003,0.022142117783125477,0.14880227747963226
4.157740396807061,0.022143052956539844,0.14880541978214315
4.1602927101487985,0.0221436845651985,0.14880754203063265
4.162846109859037,0.02214457985268315,0.14881055020623757
4.165400597617088,0.022145333132614815,0.14881308118782707
4.167956175103757,0.02214624550894835,0.14881614666745122
4.170512844001337,0.02214708484736423,0.1488189666923011
4.173070605993614,0.022147767743213347,0.14882126105907498
4.175629462765855,0.02214862916023883,0.14882415516386724
4.178189416004818,0.02214939174081903,0.1488267171606598
4.180750467398742,0.022150304590104256,0.14882978394832216
4.18331261863735,0.022151257250963983,0.14883298441865628
4.185875871411847,0.022152042832812753,0.14883562353419544
4.188440227414915,0.022152705317914106,0.14883784907715547
4.191005688340717,0.022153397923305146,0.14884017577020375
4.19357225588489,0.022154297048380737,0.14884319617765784
4.196139931744543,0.02215517410295772,0.14884614238520835
4.198708717618263,0.022155943013570507,0.1488487252668645
4.201278615206105,0.022156866910171415,0.1488518287095305
4.203849626209591,0.022157687938281764,0.14885458655440134
4.206421752331712,0.022158431342712212,0.14885708361617264
4.208994995276924,0.022159312766462644,0.14886004422430701
4.211569356751145,0.022160124403300657,0.14886277037359158
4.2141448384617535,0.02216095892305063,0.14886557333060801
4.216721442117588,0.022161835104447983,0.1488685161625788
4.2192991694289415,0.022162862946398288,0.14887196830296257
4.221878022107565,0.022163688047960223,0.14887473945555782
4.224458001866658,0.02216443175504698,0.14887723719577475
4.22703911042087,0.02216534033990558,0.1488802886211119
4.229621349486299,0.022166228480644153,0.14888327132570722
4.23220472078049,0.022166917776693464,0.14888558619521725
4.234789226022426,0.02216775977235639,0.1488884138284655
4.237374866932533,0.02216876981197793,0.14889180572475413
4.239961645232675,0.022169645973951397,0.14889474797302757
4.242549562646149,0.02217034200486999,0.14889708527996776
4.245138620897686,0.022171180362975957,0.14889990048007407
4.247728821713444,0.0221720864158323,0.14890294293878917
4.250320166821012,0.02217308377430934,0.14890629192317342
4.252912657949399,0.02217380704080964,0.14890872049953838
4.255506296829038,0.02217456412361015,0.14891126258147888
4.258101085191779,0.022175490725454768,0.14891437380405817
4.260697024770887,0.022176418620411406,0.14891748930334345
4.263294117301042,0.022177215880814026,0.14892016613210593
4.265892364518329,0.022178250833988562,0.1489236409506179
4.268491768160242,0.022179025665664973,0.14892624236737115
4.271092329965679,0.022179871614875585,0.1489290825019599
4.273694051674936,0.022180886482025833,0.1489324896791356
4.276296935029705,0.022181791527532503,0.14893552809028646
4.278900981773072,0.0221828148530358,0.14893896351538036
4.281506193649516,0.02218369076433502,0.14894190399056614
4.284112572404897,0.02218486739708718,0.14894585391036294
4.286720119786461,0.022185984586996797,0.1489496041854318
4.289328837542833,0.022187278467720506,0.14895394747276927
4.291938727424013,0.022188825512143767,0.14895914041153624
4.294549791181376,0.022323749660870633,0.1494113438158918
4.297162030567662,0.022322887717070077,0.14940845932232244
4.299775447336977,0.022307295180202316,0.14935626930330817
4.302390043244788,0.02236721530593275,0.14955672939033118
4.305005820047917,0.022777892311567755,0.15092346507938306
4.307622779504544,0.022899682851305257,0.15132641161180443
4.3102409233741925,0.022386129805302062,0.1496199512274418
4.312860253417734,0.022535954994434955,0.15011980213960766
4.315480771397379,0.02303506153529797,0.1517730593198212
4.318102479076676,0.02255942596878968,0.15019795594078397
4.320725378220505,0.022839340472184787,0.15112690188111708
4.323349470595074,0.022735000255105574,0.15078129942106738
4.325974757967916,0.022669808788968782,0.15056496534376376
4.328601242107881,0.023319342242206123,0.15270671970219948
4.331228924785136,0.02276421700568941,0.15087815284423856
4.333857807771156,0.0228381526376419,0.15112297190580226
4.336487892838722,0.022871506710789094,0.1512332857237093
4.339119181761918,0.02294994551402855,0.15149239424482192
4.34175167631612,0.022969924015739843,0.1515583188602323
4.344385378278001,0.02301849909882201,0.15171848634501336
4.347020289425514,0.023057960815022052,0.1518484797916069
4.349656411537898,0.023073105325940566,0.1518983387859807
4.352293746395667,0.023174325310465115,0.15223115748908012
4.354932295780603,0.02416849245402431,0.15546218978910695
4.357572061475762,0.02349829335338644,0.15329153059900746
4.360213045265453,0.02352178100437867,0.1533681225169646
4.362855248935244,0.02413733468023738,0.15536194733665443
4.365498674271953,0.023330371369820323,0.15274282755606014
4.368143323063643,0.02342084371102018,0.15303870004355166
4.370789197099618,0.0234682147746383,0.1531933901140591
4.373436298170411,0.02437992909658086,0.1561407349047034
4.376084628067788,0.023234011941877953,0.15242707089581548
4.378734188584734,0.024271862631092003,0.15579429588753244
4.3813849815154535,0.023941851120156312,0.15473154532982702
4.384037008655359,0.02322836025630854,0.15240853078587346
4.38669027180107,0.024119299385397044,0.15530389365819855
4.3893447727504045,0.02373010428870935,0.15404578633870306
4.3920005133023725,0.02326196289200748,0.15251872964330473
4.394657495257169,0.024328167902478742,0.15597489510327853
4.397315720416175,0.023872236073083586,0.15450642728729308
4.399975190581938,0.02358464045524186,0.1535729157606961
4.40263590755818,0.02465686820158605,0.1570250559674667
4.405297873149779,0.024138742411262508,0.15536647775907939
4.407961089162771,0.024578626202659645,0.15677571942957125
4.410625557404339,0.024361514015273776,0.15608175426767146
4.413291279682808,0.023539774761968207,0.15342677328930635
4.4159582578076355,0.02462985471388354,0.15693901590708265
4.41862649358941,0.023726255650960596,0.15403329396906565
4.421295988839839,0.024147877135010706,0.1553958723229504
4.423966745371745,0.023913106709216852,0.15463863265438185
4.426638764999053,0.023887763495773526,0.15455666758756648
4.4293120495367955,0.024112943508617365,0.15528342960089903
4.431986600801092,0.02453419783418488,0.15663396130528295
4.434662420609146,0.024495500015992024,0.1565103830932377
4.437339510779243,0.023994571343615972,0.1549018119442635
4.440017873130733,0.024894848040295618,0.15778101292708074
4.442697509484036,0.02383856711921599,0.15439743235953113
4.445378421660619,0.025264234969778802,0.1589472710359596
4.448060611483003,0.024572161390397616,0.15675510004589202
4.450744080774742,0.024242013248537,0.1556984689986931
4.453428831360426,0.024003395973708205,0.15493029391861426
4.456114865065667,0.024363297900079697,0.15608746874774956
4.458802183717091,0.02467690944903469,0.15708885844971532
4.461490789142333,0.024486037102552267,0.15648014922843173
4.464180683170026,0.02364837915077482,0.15378029506661386
4.466871867629793,0.024341535366036966,0.15601774054907014
4.469564344352239,0.023687302793172528,0.15390679904790602
4.472258115168943,0.02527759478354529,0.15898929141154536
4.474953181912448,0.024899406817250582,0.1577954587979343
4.477649546416253,0.02504918901667562,0.15826935589897248
4.480347210514806,0.02487902450195165,0.15773086096877698
4.48304617604349,0.02478345375604181,0.15742761433764346
4.485746444838621,0.024741899108677357,0.15729557879570982
4.488448018737433,0.025038313322607045,0.15823499398870985
4.491150899578071,0.023976516938185748,0.1548435240434218
4.493855089199583,0.025008317078646095,0.15814018173331562
4.4965605894419065,0.023950315421896493,0.15475889448395685
4.499267402145865,0.024140013677838794,0.1553705688920485
4.501975529153155,0.024704912900517833,0.15717796569658812
4.5046849723063325,0.025202936600836365,0.15875432781765783
4.507395733448812,0.02468884662016208,0.15712684882018757
4.51010781442485,0.025266928634313332,0.1589557442633431
4.512821217079537,0.02500698377900382,0.15813596611461866
4.5155359432587865,0.024728942778482067,0.15725438874156125
4.518251994809327,0.02494533387233923,0.15794091892964035
4.52096937357869,0.025011817926331743,0.158151250157347
4.523688081415198,0.024373741053085762,0.15612091805099584
4.526408120167959,0.025057878298890876,0.15829680444939775
4.529129491686851,0.023812345557389012,0.15431249319931623
4.531852197822514,0.024640120722542323,0.15697171949922165
4.534576240426336,0.02515059461336045,0.15858938997726313
4.537301621350448,0.02443366630202597,0.1563127195784974
4.540028342447707,0.024710073842789556,0.15719438235124547
4.542756405571689,0.024456607594767168,0.15638608504201124
4.545485812576673,0.02638028762725823,0.16242009613116914
4.5482165653176345,0.024808437933374103,0.15750694566708512
4.550948665650234,0.024950835186782223,0.15795833370475337
4.553682115430801,0.024483240685632752,0.15647121360056218
4.556416916516325,0.02447475891734134,0.15644410796620414
4.559153070764445,0.024772576690930734,0.15739306430377017
4.561890580033436,0.024884867230903353,0.1577493810793036
4.564629446182199,0.024211832463704456,0.15560151819215792
4.5673696710702405,0.025652556440020603,0.1601641546664565
4.570111256557675,0.02489672857331351,0.15778697212797232
4.5728542045052,0.02490466351860814,0.15781211461294137
4.57559851677409,0.02486336929941328,0.15768122684521857
4.578344195226179,0.02424928608577144,0.1557218227666612
4.581091241723853,0.02472532413913492,0.15724288263427036
4.583839658130035,0.024933020280139866,0.1579019324775345
4.586589446308172,0.024347131501962112,0.15603567381199118
4.58934060812222,0.02499828483247382,0.1581084590794364
4.592093145436634,0.023739036008424773,0.15407477408201764
4.594847060116354,0.025024861493443143,0.15819248241760145
4.597602354026789,0.023963567296496322,0.1548017031446887
4.600359029033808,0.024612580021352137,0.15688396993113138
4.603117087003721,0.025746927214157625,0.16045849062657178
4.605876529803268,0.023733079656720557,0.1540554434504687
4.608637359299607,0.025872373548298706,0.16084891528480602
4.611399577360296,0.02412478045159432,0.1553215389171583
4.614163185853282,0.025677324015024056,0.16024145535729528
4.6169281866468825,0.025597188129634532,0.15999121266380392
4.619694581609778,0.02446151883526144,0.15640178654753736
4.6224623726109915,0.02407951879618729,0.15517576742580425
4.625231561519873,0.02497720943673254,0.15804179648666533
4.628002150206091,0.02398369132692,0.15486668888731367
4.630774140539611,0.02575400439742119,0.16048054211467877
4.633547534390685,0.025088683878207906,0.1583940777876746
4.636322333629835,0.023986734124331603,0.15487651250054543
4.639098540127833,0.02485979383350697,0.15766988879778843
4.641876155755695,0.02428827801356623,0.15584696985686386
4.644655182384657,0.024279316703806293,0.15581821685478978
4.64743562188616,0.02398700170530893,0.15487737635080512
4.650217476131841,0.02411219625413368,0.1552810234836623
4.653000746993508,0.024561289479052367,0.15672041819447893
4.65578543634313,0.023703984198221024,0.15396098271387146
4.658571546052819,0.02479125779391181,0.15745239850161638
4.6613590779948115,0.02412357662155536,0.1553176635851678
4.664148034041454,0.023449901216815564,0.15313360577226529
4.666938416065185,0.025398414722338367,0.15936880096913061
4.669730225938521,0.023751216380520204,0.1541142964832277
4.672523465534034,0.02496041478402546,0.15798865397244657
4.675318136724341,0.024476063700155253,0.15644827803512332
4.67811424138208,0.023683493545111487,0.15389442337236098
4.680911781379899,0.02384157067897251,0.15440715876853803
4.683710758590431,0.025168994233704934,0.15864738962146505
4.686511174886284,0.02419794618533582,0.15555689051062901
4.689313032140018,0.02454882132349666,0.15668063480691116
4.692116332224125,0.025497124069198747,0.15967818908416623
4.694921077011019,0.024321659893333254,0.15595403134684674
4.697727268373009,0.02431150945863237,0.15592148491671176
4.700534908182284,0.02547337732578918,0.15960381363172116
4.703343998310899,0.024195312409789848,0.15554842464579913
4.7061545406307435,0.02442351224334703,0.15628023625317128
4.708966537013537,0.02436432159761886,0.1560907479564976
4.7117799893307994,0.024521092699335494,0.15659212208580447
4.714594899453837,0.024012290373862752,0.15495899578231254
4.71741126925372,0.024717292406083242,0.15721734130204354
4.720229100601266,0.023721417434449065,0.1540175880685354
4.723048395367017,0.02354129548529824,0.15343172906963617
4.725869155421221,0.025059347761373654,0.15830144586002257
4.728691382633813,0.023668014140775923,0.15384412286719282
4.731515078874391,0.024136327688647537,0.15535870651060255
4.7343402460122,0.02499766454024098,0.15810649746370634
4.737166885916109,0.024042463029266378,0.15505632211962975
4.739995000454587,0.02366604196300961,0.15383771307130645
4.742824591495689,0.02429756331173402,0.15587675680400212
4.74565566090703,0.024964212821953147,0.1580006734857581
4.748488210555766,0.024181338767261317,0.15550350081995362
4.751322242308569,0.025221343428414415,0.15881228991615987
4.754157758031609,0.024821201951028674,0.15754745936075476
4.7569947595905315,0.02456101062183055,0.15671952852733623
4.759833248850434,0.025161771982674712,0.15862462602847865
4.762673227675844,0.024177508540670325,0.15549118476836662
4.7655146979306995,0.024518629101185734,0.15658425559801897
4.768357661478321,0.02388765398381366,0.15455631330946548
4.771202120181394,0.02432647391345901,0.15596946468286352
4.774048075901945,0.024515821180116273,0.15657528917462127
4.776895530501314,0.024136270958962078,0.15535852393403485
4.779744485840137,0.02491220305913053,0.15783600051677224
4.782594943778322,0.025031613669655287,0.15821382262512743
4.78544690617502,0.02475435743018936,0.15733517543826417
4.788300374888606,0.02389609092565295,0.15458360497042675
4.791155351776655,0.024102757454678856,0.1552506278720922
4.794011838695915,0.02584266648997617,0.16075654415909846
4.796869837502284,0.023886923926764655,0.15455395150808876
4.799729350050786,0.023590487714719017,0.15359195198550937
4.802590378195547,0.025721253389298884,0.16037846921983911
4.805452923789767,0.024678819906118424,0.1570949391486512
4.808316988685698,0.02396080528633176,0.15479278176430503
4.811182574734618,0.025036781512805077,0.15823015361430032
4.814049683786799,0.02584831391285718,0.16077410834104222
4.816918317691496,0.02427513492378815,0.1558047974992688
4.819788478296906,0.024538078121252693,0.15664634729623508
4.822660167450151,0.02641026827327285,0.16251236344744005
4.825533386997243,0.02393790881589185,0.1547188056310281
4.828408138783072,0.02387378495553677,0.15451143956204916
4.831284424651363,0.024654499952418474,0.15701751479506507
4.83416224644466,0.025081417099679565,0.15837113720523563
4.837041606004295,0.024699773745674985,0.15716161664247089
4.8399225051703585,0.023730877497659345,0.15404829599076825
4.842804945781678,0.025153325871832683,0.15859800084437597
4.845688929675783,0.02420004247457925,0.15556362837944882
4.848574458688883,0.02377350047955338,0.15418657684621376
4.8514615346558365,0.024190008682505523,0.1555313752350487
4.854350159410123,0.025480430845154584,0.15962590906602406
4.857240334783814,0.024557124082625503,0.1567071283720862
4.860132062607547,0.02362642024372383,0.1537088814731401
4.86302534471049,0.025016163847339665,0.15816498932235182
4.865920182920319,0.024635692207007745,0.15695761277175357
4.868816579063186,0.02483724491286908,0.15759836583184827
4.87171453496369,0.024498454162188172,0.15651982034933523
4.8746140524448425,0.02532540488355966,0.15913957673551749
4.877515133328046,0.02434658515669979,0.1560339230959082
4.880417779433058,0.02416270943615081,0.1554435892410839
4.883321992577959,0.024188208781077365,0.15552558883051162
4.886227774579124,0.024612127731121477,0.15688252844444303
4.889135127251195,0.02485322328113561,0.15764905099979387
4.892044052407044,0.02432204500880075,0.15595526605023874
4.894954551857744,0.024671417250295074,0.1570713762921019
4.897866627412537,0.02494951747819473,0.15795416258584238
4.900780280878804,0.023572956225109278,0.15353486973684277
4.9036955140620275,0.023776360624125914,0.15419585151399473
4.906612328765768,0.024820299848207796,0.15754459637895485
4.909530726791623,0.025063305319309122,0.15831394543535676
4.912450709939196,0.023587548969063662,0.15358238495694634
4.915372280006068,0.024238981898458075,0.1556887340126384
4.918295438787759,0.025806184899829773,0.16064303564060836
4.9212201880776965,0.025088752121400403,0.15839429320969997
4.9241465296671825,0.02418176888606295,0.15550488380132294
4.927074465345358,0.0256637676216152,0.16019914987794162
4.930003996899167,0.02395428026644391,0.15477170370078605
4.93293512611333,0.024274786431257134,0.15580367913260948
4.935867854770299,0.02406421406820461,0.155126445418583
4.938802184650227,0.025460413779325182,0.15956319681970896
4.941738117530934,0.0239507224128335,0.15476020939774376
4.944675655187872,0.024323542240106567,0.15596006617114064
4.947614799394083,0.02520728063314157,0.15876800884668665
4.950555551920172,0.023589957173039987,0.1535902248616102
4.953497914534265,0.023774138741785064,0.15418864660468704
4.9564418890019715,0.025617324257512494,0.16005412914858677
4.959387477086352,0.02499442908507426,0.15809626524707743
4.962334680547881,0.023506382041865306,0.15331791167983377
4.965283501144404,0.02379906914353723,0.15426946925278906
4.968233940631103,0.024347147332238986,0.1560357245384498
4.971186000760467,0.0250992697285584,0.15842749044455132
4.974139683282235,0.023390372946035437,0.15293911516036515
4.977094989943381,0.02432801805135166,0.15597441473315954
4.980051922488054,0.024437538875924755,0.15632510635187413
4.983010482657555,0.02481330469355169,0.15752239426047235
4.985970672190289,0.02344032677614176,0.15310234085781235
4.988932492821727,0.025124737120974794,0.1585078456133159
4.99189594628437,0.02495132239439194,0.15795987590015365
4.994861034307707,0.02392234291382732,0.1546684936043127
4.997827758618173,0.02334001437137009,0.1527743904303666
5.0007961209391105,0.02507715209472222,0.1583576714110252
5.003766122990728,0.02422325340949329,0.15563821320451252
5.006737766490062,0.024552549054350933,0.15669253030808755
5.00971105315093,0.02476725029648226,0.15737614271700226
5.012685984683895,0.024182355115142926,0.15550676871166388
5.0156625627962175,0.024241890747261154,0.15569807560551657
5.018640789191821,0.0239064923700523,0.15461724473697072
5.021620665571242,0.024235281331148675,0.15567684905325094
5.024602193631593,0.024221111460525566,0.15563133187287695
5.027585375066517,0.024769319530697716,0.1573827167470994
5.030570211566143,0.02481669808565145,0.15753316503406972
5.033556704817046,0.023942355497173235,0.15473317516671475
5.0365448565022,0.024043369527722985,0.15505924521847442
5.039534668300936,0.02401020587102212,0.1549522696543104
5.042526141888897,0.02413129868415118,0.15534252052851202
5.045519278937993,0.02329068592989736,0.15261286292412365
5.048514081116357,0.02363831251012391,0.15374756098918743
5.0515105500883,0.02396094011678218,0.1547932172828712
5.054508687514261,0.02530118167722453,0.1590634517330255
5.057508495050767,0.024111293291207394,0.15527811594428687
5.060509974350385,0.023358943970674503,0.15283633066347316
5.063513127061677,0.023801421979819933,0.15427709479964916
5.066517954829146,0.02499324492482663,0.1580925201419303
5.0695244592931985,0.023957086673380226,0.15478076971439386
5.072532642090096,0.023242132099949405,0.15245370477607098
5.075542504851896,0.023196079754951998,0.1523025927387712
5.078554049206421,0.024705109443576168,0.15717859091993466
5.081567276777196,0.023895754120722732,0.15458251557250172
5.08458218918341,0.024186187622798113,0.15551909086282015
5.0875987880398625,0.023578497918537607,0.15355291569533158
5.090617074956912,0.023770177641358112,0.154175801088751
5.09363705154043,0.02505926571488231,0.15830118671343657
5.096658719391754,0.024142660234464867,0.15537908557609956
5.099682080107631,0.023265962099181057,0.15253183962432584
